name,size,weight
Aquafina 350,0.1801625,11
Aquafina 500,0.29435,12.5
Hao Hao 30,0.25,2.25
